{"noiseKey":{"private":{"type":"Buffer","data":"wGAb5fZkObLi0N2i/IQQhSnbfI+cEjH6GMERNjPMB18="},"public":{"type":"Buffer","data":"DBeY4lpzA5ARzNlNTlTJlSu1fOFOmuITy0b0yf73Vn4="}},"pairingEphemeralKeyPair":{"private":{"type":"Buffer","data":"gHXjyKhHc/y6gy4/cFbxHs1qxOP18GuSqZr/5MTBnmw="},"public":{"type":"Buffer","data":"dBO1Vp85M2ROcnEWXy9U62L/7lPsvjWedJvCZVh69R0="}},"signedIdentityKey":{"private":{"type":"Buffer","data":"iOs0PHoCZsQWqebdkOW1S6StGjfjfkE0A7Ner+Ev22A="},"public":{"type":"Buffer","data":"3WDiDob71PEGlXxI87dNbKbjJzI+S4Lio5946A/NemM="}},"signedPreKey":{"keyPair":{"private":{"type":"Buffer","data":"4DUsSyLHmuEV5f6YfiaozCqVfc9QmAo/G/xJNcVSvHI="},"public":{"type":"Buffer","data":"zc12aJ+BtdEMoZmdhWsLZbd69bQnScRcIiFCGBN3PiE="}},"signature":{"type":"Buffer","data":"GhEwF3D7UInJ+fr/cwZYWPKLAwBEKI44d2aO3FRISnwa8wOPrVGqTSxhsGb1rwTmJ/SZ2dYaHCmf+jy9QmURDw=="},"keyId":1},"registrationId":137,"advSecretKey":"BSTA7kUsUEVX6hyrOihvBNyPGWIA6tJ3Fr9ephLoNp0=","processedHistoryMessages":[],"nextPreKeyId":65,"firstUnuploadedPreKeyId":65,"accountSyncCounter":0,"accountSettings":{"unarchiveChats":false},"deviceId":"xAUGMDgvQOuoUTiUTZcruw","phoneId":"48d5f145-4c5d-4923-a0f9-f6f7586abbcf","identityId":{"type":"Buffer","data":"NCoqSoA2FR3y22YDjDlGUel0fx0="},"registered":true,"backupToken":{"type":"Buffer","data":"cVlefsSaTlaqk58Lt++pD13yGgc="},"registration":{},"pairingCode":"MRMALVIN","me":{"id":"2347049044897:27@s.whatsapp.net","lid":"212472703266847:27@lid"},"account":{"details":"CMLb1YYGEIah6sYGGAEgACgA","accountSignatureKey":"Pydwi47QNwRtYsQeQc6kttEnztwb9e48zbAWlrkSdmY=","accountSignature":"UmlgDn68ggrD5Abh+wxfQHnEXnDC16CymPjPhsGI446VwGPGpOWADE3+TYGWus/HM5gs+gl4My3mYFz5/sbhDA==","deviceSignature":"SNW70WZZKshyBFohu4S/Imfi+Fx/Ci76qeDMTY7UCcGUXyiGo2WbtUtKuhamdTCxbgL0eEEyBBIwxb40hSffBg=="},"signalIdentities":[{"identifier":{"name":"2347049044897:27@s.whatsapp.net","deviceId":0},"identifierKey":{"type":"Buffer","data":"BT8ncIuO0DcEbWLEHkHOpLbRJ87cG/XuPM2wFpa5EnZm"}}],"platform":"android","routingInfo":{"type":"Buffer","data":"CBIIAg=="},"lastAccountSyncTimestamp":1759154324,"lastPropHash":"2G4Amu"}