{"_sessions":{"BXtKNsmcNpLvsaATbsGWTOrPVG+0C47ExSWMPE/nsEc/":{"registrationId":1393157012,"currentRatchet":{"ephemeralKeyPair":{"pubKey":"BYKbwW3n+Qz9nRawx178gGxpreMs0WCxg6O5EAPbVb8N","privKey":"sM5EEnSlKC9Wgt3amr48I04QPWRpN0XWSNc0YWdWTnU="},"lastRemoteEphemeralKey":"BTuO8Cwvbbf3FAQJWH8Lp6M1yTIHIPSrWbM79EamV7pu","previousCounter":0,"rootKey":"WRaeqDJz59Vi6AG8xdotsCzdyxcVS0E7Deo/HlpdSjs="},"indexInfo":{"baseKey":"BXtKNsmcNpLvsaATbsGWTOrPVG+0C47ExSWMPE/nsEc/","baseKeyType":1,"closed":-1,"used":1759159768461,"created":1759157084187,"remoteIdentityKey":"BT8ncIuO0DcEbWLEHkHOpLbRJ87cG/XuPM2wFpa5EnZm"},"_chains":{"Bez+OvuyvyUvzm7y863J90MyDxpq5GNpOW4kI8QMc/N+":{"chainKey":{"counter":1},"chainType":2,"messageKeys":{}},"BcumWD1o1eRkr1yxAHLwEvRwTsG4krhFObeTTO770T5+":{"chainKey":{"counter":0},"chainType":2,"messageKeys":{}},"Bcmh8oPskaZWlzGT+bw1tej4JMosJIILlTuXHHDYIHcM":{"chainKey":{"counter":0},"chainType":2,"messageKeys":{}},"BV3YDQeB7rZsz+biXfYwAkEHYXv6FME+ulMv4mjC+F4X":{"chainKey":{"counter":0},"chainType":2,"messageKeys":{}},"BYdrY8o+swXhBzFcCQqtUzXG8qylH9Er4ubx1qpsM+kL":{"chainKey":{"counter":0},"chainType":2,"messageKeys":{}},"Bfpwp+zLlXyfL1lR1G8wJqP7Sv8178udr3eyqerJcS5Y":{"chainKey":{"counter":0},"chainType":2,"messageKeys":{}},"BQySOY7HHXWVRnCG1gXWkPOdi2PFD+NRaGeCRoeOgxV/":{"chainKey":{"counter":0},"chainType":2,"messageKeys":{}},"BepYXuEfBZtbitCgCtE7OouGDcJinrPDmM4+wv2eQE4r":{"chainKey":{"counter":0},"chainType":2,"messageKeys":{}},"BQvQ877ygMJ2Pqa7S9HjUJgx+XfpqOz+zP47RzWaUo09":{"chainKey":{"counter":1},"chainType":2,"messageKeys":{}},"BVlYyAfswWAxklGUotTSpvWDoTyE12FwSSqTiu9axqMU":{"chainKey":{"counter":0},"chainType":2,"messageKeys":{}},"BYfN161m/KNC4Aju83Z0yJl6HxxTApbd3IK8gWIMTUU3":{"chainKey":{"counter":0},"chainType":2,"messageKeys":{}},"BZhSXxm8F0ivIXo2n0+aHcbeyzPzU84RSNa2w0JvK+lp":{"chainKey":{"counter":0},"chainType":2,"messageKeys":{}},"BaAmTSUi1RCKBAkEuOdte6G6sooAszNJOjo5cR0wSfZE":{"chainKey":{"counter":0},"chainType":2,"messageKeys":{}},"BfVH3vMbvJMN3q7xcJnydNL+/AplLu1+ZysevraSKHcC":{"chainKey":{"counter":0},"chainType":2,"messageKeys":{}},"BT8Ne0+hpD6+RVBmLZgniRHbVCJc6qovVRqg6yqu7wgC":{"chainKey":{"counter":0},"chainType":2,"messageKeys":{}},"BYEqyuFc88IpeFk6NYk3PkHiE3BQqI2GkVLAKRFwdNcT":{"chainKey":{"counter":0},"chainType":2,"messageKeys":{}},"BXsa5/efmLzO7XC8AD0780vhZtxWZFUWJKrdgooFZ8MC":{"chainKey":{"counter":1},"chainType":2,"messageKeys":{}},"BS/zxSoF70NNZCSFzgOVv1owjHM4QTI3ejyzSQMGAJgW":{"chainKey":{"counter":0},"chainType":2,"messageKeys":{}},"BTg8LFbn+sLql1vjUYwiA/y/IBoEa/kaNC0wgERA7ys9":{"chainKey":{"counter":1},"chainType":2,"messageKeys":{}},"BRV+OPOhe/30hIdJcVwxRgKAQ4v6esZD9+UAxIb2WzRz":{"chainKey":{"counter":8},"chainType":2,"messageKeys":{}},"BdpHvRxOtZ28baWxBykEGtSWu1uS5vhanzFV4TAPQDNv":{"chainKey":{"counter":0},"chainType":2,"messageKeys":{}},"BXh6Wh0MwtZzAk+vXSDGCrfLqZBorqD2xL8Wlbv8UoQw":{"chainKey":{"counter":0},"chainType":2,"messageKeys":{}},"BdgsHRDObwmhAfShuNlV2eN9xAlklM/UtRRzawglp6YO":{"chainKey":{"counter":0},"chainType":2,"messageKeys":{}},"BckzjoJ2B+GR0MZkJUJzxSHuxQmhCpmo31w8lSiXsUZT":{"chainKey":{"counter":2},"chainType":2,"messageKeys":{}},"BbsSho+wItxmq8XVhqCMbr91KRdhgg2UNDrb2rqX08UI":{"chainKey":{"counter":0},"chainType":2,"messageKeys":{}},"BbBc19o0eHGQE9NnVAPPXOwwwT/0dhig4YYtYzezoYwX":{"chainKey":{"counter":4},"chainType":2,"messageKeys":{}},"BW6Bi42R+nK7TjGll8SqcqMsxbMAVbCt9GIV6zlOhqUA":{"chainKey":{"counter":0},"chainType":2,"messageKeys":{}},"BfRSVKGP9k5sm6DXZ4RkwZhoPQHJzAQSffWyiSRNNOs1":{"chainKey":{"counter":2},"chainType":2,"messageKeys":{}},"BWU5d31ozcqcIxzw+ng4uPgViBqnpcaWRKXFd8Fg3G80":{"chainKey":{"counter":0},"chainType":2,"messageKeys":{}},"BV4f/WDoufAlCLsZZlA6O0sAa3hXR6k9+y37U6mNVN1H":{"chainKey":{"counter":0},"chainType":2,"messageKeys":{}},"BaAq24zxoh3Xiy5xQfxwIxzQfIaMxaV/0VMPQc7VDV9J":{"chainKey":{"counter":0},"chainType":2,"messageKeys":{}},"BSMGVDGjcZMCsUIBo/XhxQtsQlAdVjicgpug8Nl12ggT":{"chainKey":{"counter":32},"chainType":2,"messageKeys":{}},"BRzID3EYxUpCfEqLyKui1gFqmSB2EoB4Jn5JHuGBCQ9f":{"chainKey":{"counter":0},"chainType":2,"messageKeys":{}},"BTBJWaAQ8URrQnegp5L1eBkHJOzj48PFaJHluosqUaJO":{"chainKey":{"counter":2},"chainType":2,"messageKeys":{}},"BeCzHYQU3CwyhRb3YPFDsIFCJkTNGZ7Q/V2/vVx+ErJ1":{"chainKey":{"counter":0},"chainType":2,"messageKeys":{}},"BXNoFMUEGefdoUcoTlUDe4LQ/1xyJ5o0XIJBqKpq4GtS":{"chainKey":{"counter":0},"chainType":2,"messageKeys":{}},"BVfsqKiIsgTVInZz5m9ltH9JeVjSYFE50IMmz+HQLUxz":{"chainKey":{"counter":0},"chainType":2,"messageKeys":{}},"BZ8E7ILC6be5qc2CDEICADHdXuqD0pDd9u3z1sBh7vcQ":{"chainKey":{"counter":0},"chainType":2,"messageKeys":{}},"BX05YwJVfQrPjE2WbmAsLDd1nX10uObfrAHQYc68Es0W":{"chainKey":{"counter":0},"chainType":2,"messageKeys":{}},"BTvR+tFSQiCJaHxMwOYerFQJFD8hcZkICBlDDnHDHytg":{"chainKey":{"counter":0},"chainType":2,"messageKeys":{}},"BbnXyL/MRvX8m87YnevMRmvdTMY7XzWuyBI5DMnXnEFh":{"chainKey":{"counter":0},"chainType":2,"messageKeys":{}},"BXK92dTAm8Ca6ltEhGMnLuxWjNBqZKmsH4zXnz+B7jM9":{"chainKey":{"counter":0},"chainType":2,"messageKeys":{}},"BYGWPLYAb/aPx0GpIz0MxC2Sxw+uTrUijJWJDzo2zj8r":{"chainKey":{"counter":0},"chainType":2,"messageKeys":{}},"BcKSMWlX5pAa2uhgFVinxoOBGsKC5ThmcfkzwFvR87cT":{"chainKey":{"counter":0},"chainType":2,"messageKeys":{}},"BZWpIyKVEYeXnl2rqX0/ZoAxa4HJLsJdg1FajKxTcopg":{"chainKey":{"counter":0},"chainType":2,"messageKeys":{}},"BVy42dfI6V3Mg/AOQrEa3yQz1L+MWMo/B9nwA/CX4FJZ":{"chainKey":{"counter":0},"chainType":2,"messageKeys":{}},"Bba9cqW84h2dKAoyyffAPgC+542byxQvpOPIumhjRrlH":{"chainKey":{"counter":0},"chainType":2,"messageKeys":{}},"BZn2GMt81tsOINDaSsEgoA0Rj0qAwKMsS39Jd4A+aZMT":{"chainKey":{"counter":0},"chainType":2,"messageKeys":{}},"BZqGFxv3FGlOY0C9yxHKWHwCyfcj0NEjWsWDwznifP4e":{"chainKey":{"counter":0},"chainType":2,"messageKeys":{}},"Benu14M3egujNhhJfBI789jfhtzO1ZGzgoalNJ6kyhN3":{"chainKey":{"counter":0},"chainType":2,"messageKeys":{}},"Bbm4c8xCzsB/qFmSUpxyGHSkluc6ClSWkku1P6JdAHlm":{"chainKey":{"counter":0},"chainType":2,"messageKeys":{}},"Bdex9u8SBqHxt4kpPKGA651Gg50HEjgFXCr2h9bat1xg":{"chainKey":{"counter":0},"chainType":2,"messageKeys":{}},"BRLtf0A66E5u5vgyARxhyUybwC/PztURXxEhmbwFDHlW":{"chainKey":{"counter":0},"chainType":2,"messageKeys":{}},"BWJulouut0nTnZTdHdO7ZMyG5dYwz9uKs05ys3ru+iMW":{"chainKey":{"counter":0},"chainType":2,"messageKeys":{}},"BVmUIufl7grwYDcqf7zrx/Rs0k1nGzgLKU9n2TjjpEYw":{"chainKey":{"counter":0},"chainType":2,"messageKeys":{}},"BRC4IQz8+dhFbuf0wfXPwTI/01xbqRvQUbbvK1poj4hA":{"chainKey":{"counter":0},"chainType":2,"messageKeys":{}},"BYBE8p16VgYZUmXda6nrtioVLQTU8Vz2sa5ghlywLz0h":{"chainKey":{"counter":0},"chainType":2,"messageKeys":{}},"BbnpLwI4WzmQJ6fPT/GQRA2uCAHdosKRcCP4Vn+dTWd/":{"chainKey":{"counter":0},"chainType":2,"messageKeys":{}},"BeqB+L1iqZSRwN5v0bYdTjtdf8RCiP3gognwkU4Sd/tz":{"chainKey":{"counter":0},"chainType":2,"messageKeys":{}},"BahIGaSvoN3S9VAV4cSsj/n1kw20Igm67DOrda/ZCPBG":{"chainKey":{"counter":0},"chainType":2,"messageKeys":{}},"BW5DFIedJblEKI/L/MIrItQ1vv1CEy9ids015hCBaKAE":{"chainKey":{"counter":0},"chainType":2,"messageKeys":{}},"BVkrdd4pllqjL48B5qMkcFllHDeK9niVBvfFFYYD8TUt":{"chainKey":{"counter":0},"chainType":2,"messageKeys":{}},"BRFjrDjfUuquD+Zvhn3hYnXRlcAcbOHbLt0QFrpq5Uhd":{"chainKey":{"counter":0},"chainType":2,"messageKeys":{}},"BdJTNqwOcbZUYz1Glp7qN7wHsas876ounM9PJKt9T7t0":{"chainKey":{"counter":0},"chainType":2,"messageKeys":{}},"BWD7FIugJODupBaq/nIe0CQ2u+I2XJnb8KaFb66DfFVV":{"chainKey":{"counter":0},"chainType":2,"messageKeys":{}},"BTE1d3RBDDJOFuStLgCuVGm2vIgltarDNkq4hCwiHW4Y":{"chainKey":{"counter":0},"chainType":2,"messageKeys":{}},"BZuMQPnDc54YV7L3E6wuSv50BcRhrs1pvdZ/lkvkuop5":{"chainKey":{"counter":0},"chainType":2,"messageKeys":{}},"BW45xkJVfjoS9E5aiHYKbczSEOBoVrTQt1MUI4OFbylE":{"chainKey":{"counter":0},"chainType":2,"messageKeys":{}},"BepgyMfpSqn87Cgis8SmwMDh5Z0MAK2teNNASiIZolh+":{"chainKey":{"counter":0},"chainType":2,"messageKeys":{}},"BeD8heK5/0u8obkWw8avMViF0zCun996RTa1Zd1xRG10":{"chainKey":{"counter":0},"chainType":2,"messageKeys":{}},"BYrWwqwGsdubMo8M9HdxREXJKE98JUz/N6BgsWnhajRs":{"chainKey":{"counter":0},"chainType":2,"messageKeys":{}},"BVu+ynMlgoi23NXiJjoYOqwFuJZgptdwyMnSPErzPtpd":{"chainKey":{"counter":0},"chainType":2,"messageKeys":{}},"BV6t5qr4gxB+XrSBaZjk2g4YSVTY7kiARy/wClBgvkhj":{"chainKey":{"counter":0},"chainType":2,"messageKeys":{}},"BcKvcEs2jZ7839j2ljwGt1n6UIgHr4wUwRb57NilhM9q":{"chainKey":{"counter":0},"chainType":2,"messageKeys":{}},"BWoFKK/6ss1X73hfPvMt/XfKCIOQDfAQFxkNTldXfAV9":{"chainKey":{"counter":0},"chainType":2,"messageKeys":{}},"BaWTq9Jw4ddNhcnSwxhJnCrkKnfuhzurQvpF1uKM0pNj":{"chainKey":{"counter":0},"chainType":2,"messageKeys":{}},"BcxuZz1rAajTa4rwxpy374c69fJn9jjRg9HfZM5DtoRB":{"chainKey":{"counter":0},"chainType":2,"messageKeys":{}},"BTzwOIxA47EQCPNpuThpE0PirXi+pb6vHEwCfAYnfRJ+":{"chainKey":{"counter":0},"chainType":2,"messageKeys":{}},"BZmVw2SWpEEcsN0RokU1hCtBgH+/BtSwfM0RipUyHooh":{"chainKey":{"counter":0},"chainType":2,"messageKeys":{}},"BZm6ycLRnh0Dv2ywTPetn9/HDhV7yfLwuYc7tZL74wFb":{"chainKey":{"counter":0},"chainType":2,"messageKeys":{}},"BfHlZTecglH27SO8B3JwKHnETf6fxdgbOZHS6CNSvpta":{"chainKey":{"counter":0},"chainType":2,"messageKeys":{}},"BQPZudfEvNi0F+4z9p/E4m1Bs6gG/BKMVK2tKMJdvPlG":{"chainKey":{"counter":0},"chainType":2,"messageKeys":{}},"BW34980y7V099IFjx8C6cEBiuCOkTDg2QNHg0cvdxolX":{"chainKey":{"counter":0},"chainType":2,"messageKeys":{}},"Beajx/nIDE8jcR3HyWTdD22+jW5JCUgMK/J/jlYnELYd":{"chainKey":{"counter":0},"chainType":2,"messageKeys":{}},"Bc+wInecwx/FqpahA9LzxpiexlHWZm0mSyXmi3ziEUkH":{"chainKey":{"counter":0},"chainType":2,"messageKeys":{}},"BfUG//8l6WgQjWIgEl3pnFXL1kFl5GrFVLFVI5XZHokx":{"chainKey":{"counter":0},"chainType":2,"messageKeys":{}},"BdR8lExHF28PJtmoW/6MwIqdmPGa5Afzc3Ukv3ISbDJ6":{"chainKey":{"counter":4},"chainType":2,"messageKeys":{"4":"5ZPeiCM1ULpXVIaHXt1N4b78J+a3OE7bTJ2MCNkqdbk="}},"BY0qlnTdCHyvfPG/hRrrwUAcqseUXZtup2oD9bGBXapA":{"chainKey":{"counter":50},"chainType":2,"messageKeys":{"27":"wL7o/kPxwNvmhwhd/2JWD93Yy9PByPpLln18HD2YeSM="}},"Bd16dNUSPBEEzdV6twJsdLG85PuXT2sy0ZH008CbSKob":{"chainKey":{"counter":0},"chainType":2,"messageKeys":{}},"BbJIRR/xnkErQRlFVj1MyskNqcP7tI+ORk5sATvjO7lG":{"chainKey":{"counter":0},"chainType":2,"messageKeys":{}},"BS8wUKLKCtNNyXU7JpXiH2rbPMkeOL27QH79jGJupcYQ":{"chainKey":{"counter":0},"chainType":2,"messageKeys":{}},"Bbp3nm+XjgMkfYJ21tyUmsIeU1fQ/pPH6UWtoWKlUq1h":{"chainKey":{"counter":0},"chainType":2,"messageKeys":{}},"BdkoeX+rNHt7kYmhOua4jUXauX5V5S13ipPcDy+3kfEV":{"chainKey":{"counter":1},"chainType":2,"messageKeys":{}},"Bccxiw1Ed4v6t7hZPcE7OT4IdsHuG/1LcKFY3ME5dwUA":{"chainKey":{"counter":0},"chainType":2,"messageKeys":{}},"BWnsDGnr8ywMwpye1Cn7wEG1+Ggk0pbqg/I50nsTPO1F":{"chainKey":{"counter":0},"chainType":2,"messageKeys":{}},"Bbxq91pck8048Kq3h8NwSwPAcZdxzSnmaxO8OHrv/4do":{"chainKey":{"counter":0},"chainType":2,"messageKeys":{}},"Beu4mykDi0LWlpfrKyrWYGd6I9RqBwqCT5hUOTO34k0f":{"chainKey":{"counter":0},"chainType":2,"messageKeys":{}},"BZkRK0kqgv2CqkBjLsg7QVro9ciBpItPUTeVFf+UVoZL":{"chainKey":{"counter":0},"chainType":2,"messageKeys":{}},"BcqHhX8HvghCIfyifbzYOCSN0YA99eetXYzLDetJgSA6":{"chainKey":{"counter":0},"chainType":2,"messageKeys":{}},"BeD2PoToX6Z7VLkp8a4QjZfx+R3mIMXQFWBo9LeRfN9P":{"chainKey":{"counter":0},"chainType":2,"messageKeys":{}},"BZTWgzbS0P+UPpdDjxnPHyessx5Y5n7dpnXmjxKA5ZQ8":{"chainKey":{"counter":0},"chainType":2,"messageKeys":{}},"Be8oByW6tOsyz3B3Ar/uw38h6EOdYHRjKbv5x8gZdJAS":{"chainKey":{"counter":0},"chainType":2,"messageKeys":{}},"Ba8mUhMrB9Tz4fbPACV2RloLx4AI/KuPgsRAaIxI5zQT":{"chainKey":{"counter":1},"chainType":2,"messageKeys":{}},"Bd9+BovLDs9OWL12Tre3wr5X1EDOeKqgTQv0QbwVfNAx":{"chainKey":{"counter":0},"chainType":2,"messageKeys":{}},"BSQiaVaIw/UOjW82HMEHa0YefuURmalRVPpuFC0KkUcl":{"chainKey":{"counter":0},"chainType":2,"messageKeys":{}},"BSYO3S/YB+OyfxVlcNeTvGENxeqtJVL3unJrZxPvOG4x":{"chainKey":{"counter":0},"chainType":2,"messageKeys":{}},"BewiRjr4W8FImuqPMh8eEnVw+LeCt/obRybcCFJMnflT":{"chainKey":{"counter":0},"chainType":2,"messageKeys":{}},"BckS8jvhTnYcDy4lnnRRavgcctWQ0KIRBLX+n4ZXneZf":{"chainKey":{"counter":0},"chainType":2,"messageKeys":{}},"BdYuT/tQRiEm/a6JXiIacgIan5vwcZjN4XYET/Eg2gUC":{"chainKey":{"counter":0},"chainType":2,"messageKeys":{}},"BeSv1KCauRkjqnTKAp2mIPR10Ssd+jENcKr9Z0TUamhJ":{"chainKey":{"counter":0},"chainType":2,"messageKeys":{}},"BSnBy0cBFy+l4IThqehBGzUWiQsXmwQn6cVf1o7pgcpT":{"chainKey":{"counter":0},"chainType":2,"messageKeys":{}},"BUrsN/GfNSI7GiZBc/IpdMeVLoqMIhL8YEPTkeNwlUQ6":{"chainKey":{"counter":1},"chainType":2,"messageKeys":{}},"BZLKNyI7ii3GjZnyl1CW+3s+cm9u8qDRTkx+NfCRtC5i":{"chainKey":{"counter":1},"chainType":2,"messageKeys":{}},"BY0mXQul+PkHNkxLURU/ZAza7AHMnwgd48UnWDqGpAs4":{"chainKey":{"counter":18},"chainType":2,"messageKeys":{}},"BTeFxut0DbhX+c3Qipv8hErSKnyFc3/+H/iB4F7Ldq4V":{"chainKey":{"counter":0},"chainType":2,"messageKeys":{}},"BR5KnDFjYV5y3h5Q4M3KGzNzpOW/AP23Qq453IVW8lgN":{"chainKey":{"counter":3},"chainType":2,"messageKeys":{"2":"e9Fp8nixIo5POGynyPq+BztoTUqLZT+PzGl21p8o8ys="}},"BX1Yd22k6at8E+F126DeCZ1RNy6e7P7XLeBYM8gN5URr":{"chainKey":{"counter":47},"chainType":2,"messageKeys":{}},"BWqE4vivaoKapvWU11lGiSVZpoJfpt8WKmU/bN4nZ0om":{"chainKey":{"counter":0},"chainType":2,"messageKeys":{}},"BTjSQQEr3nl2ZFtlYs4/m26oAiCx6efxfKjGINB1cXRf":{"chainKey":{"counter":0},"chainType":2,"messageKeys":{}},"BVQ7F/iRVJfbYzBQ/OePktcfGcBMwdb6cVzv2vVHFt11":{"chainKey":{"counter":0},"chainType":2,"messageKeys":{}},"BYAdAKlXWXWURAnJ1GYqhueDWjHsROqs8DTu259g90Z5":{"chainKey":{"counter":0},"chainType":2,"messageKeys":{}},"BX2815UNJ6yUGtrb/M9ArSThPaB458KyG4fRwX4vNBV1":{"chainKey":{"counter":0},"chainType":2,"messageKeys":{}},"BYJ1PxZXD0NJEfHM7ubYeOpYszLiV2ADUQkcy846C9lj":{"chainKey":{"counter":0},"chainType":2,"messageKeys":{}},"BWxozu9xvK999jWvRpFWLNiHwkDcnOv56cKw/cGpN+op":{"chainKey":{"counter":0},"chainType":2,"messageKeys":{}},"BYKftxqiEhSXMWDy1Zd9ou9BSh96xPQ94yS8hilHsRNP":{"chainKey":{"counter":0},"chainType":2,"messageKeys":{}},"BbUj0/9iRRhKz8BItyMk2ymvULpXhbmmuYRbDPRcUctr":{"chainKey":{"counter":0},"chainType":2,"messageKeys":{}},"BXeeBEdYBa/dS/FdjGAz/pSX71yuvhKZoKNRy6km5aRF":{"chainKey":{"counter":0},"chainType":2,"messageKeys":{}},"BU1o/kdW4xCRNCDBkDbvpp4y9/o+R7IG5qeUanzGJksg":{"chainKey":{"counter":0},"chainType":2,"messageKeys":{}},"BafwZuiuLByPm4j7K3C7xwSEXz5sVQOwQOuD+WvYIS0n":{"chainKey":{"counter":0},"chainType":2,"messageKeys":{}},"BX6IASRiDpdXeuwoYoSclOqX5vF1a2+EAriZ1cpLdyJ/":{"chainKey":{"counter":0},"chainType":2,"messageKeys":{}},"BUQisT3/fAc2ronhPNWeNQawOG54RijD7IziYs9pFyxc":{"chainKey":{"counter":0},"chainType":2,"messageKeys":{}},"BeOSCkUNO/TzmyZMLAb38YhSuyccox3x9Rs4186A2MgU":{"chainKey":{"counter":0},"chainType":2,"messageKeys":{}},"BfCo3mR9Ho/Oy+rC3u3YnbEwEAe5c9Hb6hAfyTHgndg2":{"chainKey":{"counter":0},"chainType":2,"messageKeys":{}},"BTplxNvl3FS8c7iAK4DU7Eirw+u4Z/Rvk9e/qOxOj9JX":{"chainKey":{"counter":0},"chainType":2,"messageKeys":{}},"BRdH5YMUDKauPaNhf/gbFZ45UaqeHXElziZsjl/ir9t6":{"chainKey":{"counter":0},"chainType":2,"messageKeys":{}},"BcvyzIoa5dIaOdhDpWFhICq7ddCxiemQwFDONCRMJGEZ":{"chainKey":{"counter":0},"chainType":2,"messageKeys":{}},"BXWq839NqPY2LXK09tJ2qWG4+zUaM5pRwdgkv5MXcbh7":{"chainKey":{"counter":0},"chainType":2,"messageKeys":{}},"BedAFaBUm3SA0QpVGza/DpVYoZVKjZSbd6F3B8PlLVNt":{"chainKey":{"counter":0},"chainType":2,"messageKeys":{}},"BZzWj1AyNDi12Eqeo9y2iU/WPBTMbFpbXz9jqMAem/YX":{"chainKey":{"counter":0},"chainType":2,"messageKeys":{}},"BYPM4jtIzRoPkHWNlsjXgehiH5Z9Imz2diXdJhbReF8w":{"chainKey":{"counter":0},"chainType":2,"messageKeys":{}},"BSMIXalRzsxOc/ig+W09aZa9S7LbG94F0ZC+0M8d9Hs7":{"chainKey":{"counter":0},"chainType":2,"messageKeys":{}},"BXqL3P2QEGgrwEdegrOy09xX/wjGb58yfDuaoJbvBqQ3":{"chainKey":{"counter":0},"chainType":2,"messageKeys":{}},"BW+/fMRRyXEQOdvwcbWq1NkMROFZHtJfjZobwtexO1Rc":{"chainKey":{"counter":0},"chainType":2,"messageKeys":{}},"BaGju41y6H9tGqLPrXP3C2WUUAdeHbtwgKWb1/bjtFtN":{"chainKey":{"counter":0},"chainType":2,"messageKeys":{}},"BU+FXd9VBr/377fsWgksbQtEQtumEDvJaGFHgoFzq/59":{"chainKey":{"counter":0},"chainType":2,"messageKeys":{}},"BehZ9epFtuzZc8sRZzraOHXXruQBf/MgSnhjuoghgU0A":{"chainKey":{"counter":0},"chainType":2,"messageKeys":{}},"BafdOW6pja3jALNGB4JjmYcMap0JahebgKLgVkZuElNV":{"chainKey":{"counter":0},"chainType":2,"messageKeys":{}},"Bd9sq/FSOnpkFd4gzYUP8YhoiYpUCn7PDMIxaw04VPY9":{"chainKey":{"counter":0},"chainType":2,"messageKeys":{}},"BQ8MVl0blm6A0qV6XkDL+GW3fBd7KQkwQf2gW/BEzIot":{"chainKey":{"counter":0},"chainType":2,"messageKeys":{}},"BdDFCPf+PMoPiwH7/ZTQKLZKowv6wC6RBtvz1D2QXVQp":{"chainKey":{"counter":0},"chainType":2,"messageKeys":{}},"BWsJOVXC6HN+bOkIUKCnvDvDk31wGAqwEbO1DwILQTpN":{"chainKey":{"counter":0},"chainType":2,"messageKeys":{}},"BaP591YkZ8F5eNl3wWCkP5CBJTGV7uXQU20TrsBbxVcb":{"chainKey":{"counter":0},"chainType":2,"messageKeys":{}},"BVKOkdI+aUwxUexH/Obeqz41EXrvR1K3DDwlZHomZ94z":{"chainKey":{"counter":0},"chainType":2,"messageKeys":{}},"BbFNgFeKJd4BL6cv7YSjWw3Y30b/V2gaU+EA6HvxDsJN":{"chainKey":{"counter":0},"chainType":2,"messageKeys":{}},"BQJ2gXpZZooI1qnCTnKS7pYpPKQwahi8KjzrMiepwgZY":{"chainKey":{"counter":0},"chainType":2,"messageKeys":{}},"BV0xepAjP0MpEFivQd37JsSp/Zt+fzbasPDOF5kULooC":{"chainKey":{"counter":0},"chainType":2,"messageKeys":{}},"Beu3vSw4VjxGOQp29SseZ5YYESb0kxIrA1fXHZ15nn1i":{"chainKey":{"counter":0},"chainType":2,"messageKeys":{}},"BcgfpwTy5xiaEsjlLAkXwUiPVQug0gyM4N1C0+66mHEW":{"chainKey":{"counter":0},"chainType":2,"messageKeys":{}},"BcOiLOlIW12IBkKlYqKcXusIhYibbrKv1TlhAcogTXdH":{"chainKey":{"counter":0},"chainType":2,"messageKeys":{}},"BW1FNRUgQDSlKAqBu2SKj5U3dpdP5Qp1n920IBH3ofwK":{"chainKey":{"counter":0},"chainType":2,"messageKeys":{}},"BaxvKNFK8oAeElL6fyOecFNawowZ8pnkXvd/6ZQOjxEt":{"chainKey":{"counter":0},"chainType":2,"messageKeys":{}},"Bd9Prh3B/0Ev3fqLI/v+wGDcSR5K2ac+5ziJKtUwdAtr":{"chainKey":{"counter":0},"chainType":2,"messageKeys":{}},"BXrfTmKL7X8J5r82eUCTzTtnpUny13y2dgKDhNWDYO4G":{"chainKey":{"counter":0},"chainType":2,"messageKeys":{}},"BRHyyXTwFyzBVrGFba4tic+1Nh2cW4gu/9UNAKvEqbZJ":{"chainKey":{"counter":0},"chainType":2,"messageKeys":{}},"BUYFXzinGyNNZucsZ+HKwq1pmuDaddi0o/QvLswRWB5n":{"chainKey":{"counter":0},"chainType":2,"messageKeys":{}},"BX0Wzb2xtDNjSnw43SLjApGxwYzMO+X45RJR0w2jNwwy":{"chainKey":{"counter":0},"chainType":2,"messageKeys":{}},"BbRjtzp/DWQytSRsvEimJmFe4e+CaEauGanL2tyWxLAx":{"chainKey":{"counter":0},"chainType":2,"messageKeys":{}},"BfcSReIjEYYsR37uJyJla6bbKSe17ir6KsOJ0rl5dOBw":{"chainKey":{"counter":0},"chainType":2,"messageKeys":{}},"BRiOgOutrsjNx9h5PB7vvx5q+/gF0T4fz6vND5DU769c":{"chainKey":{"counter":0},"chainType":2,"messageKeys":{}},"BdCJF/EIC1mYnyGN/2SI5RQgZyl70LoBKdjfxhvsIZJn":{"chainKey":{"counter":0},"chainType":2,"messageKeys":{}},"BYQe/C/N5mCBDyxLxnW0nJh+G/M23AupHV5mrNqqrW9W":{"chainKey":{"counter":0},"chainType":2,"messageKeys":{}},"BZwo5SIhjtgh430ZnIWtJVHpvfrmwG0CVn9c4G6nuzQV":{"chainKey":{"counter":0},"chainType":2,"messageKeys":{}},"BcE73gjPe0H9bzp/pQYlfOqF0ojvSysL52v3B7XdPl9+":{"chainKey":{"counter":0},"chainType":2,"messageKeys":{}},"BVX0tBo/dgFqBFrzh1fyHUQXGRM28ARYLlzgSMsIWZcY":{"chainKey":{"counter":0},"chainType":2,"messageKeys":{}},"BeltPZoWBWfzp2ExL3F8/FKPtkx4Zz/Yom3nfiuA1OE2":{"chainKey":{"counter":0},"chainType":2,"messageKeys":{}},"BepCpj9jN45jNvbAU9sikYNgiwQ8wHWooxS+lMd6P41R":{"chainKey":{"counter":0},"chainType":2,"messageKeys":{}},"BTuO8Cwvbbf3FAQJWH8Lp6M1yTIHIPSrWbM79EamV7pu":{"chainKey":{"counter":0,"key":"ZYBqDPleYy77ZFjG5OoRcrY5Z3TIc9imT7RX/z+wCfc="},"chainType":2,"messageKeys":{}},"BYKbwW3n+Qz9nRawx178gGxpreMs0WCxg6O5EAPbVb8N":{"chainKey":{"counter":-1,"key":"BCuP+RZ9z9L+8+6a1Ad/0q2W6fLCEu5LGCcEWivBg3I="},"chainType":1,"messageKeys":{}}}}},"version":"v1"}