{
  "apps": [
    {
      "name": "PhoenixFury",
      "script": "./src/aurora.js",
      "watch": false,
      "env": {
        "NODE_ENV": "development",
        "NAME": "hinata",
        "PREFIX": "/",
        "MODS ": "917973456275",
        "PORT": "3001",
        "SESSION": "hinata50",
        "URL": "mongodb+srv://tan:tan@cluster0.mf0nmls.mongodb.net/?retryWrites=true&w=majority"
      }
    },
    {
      "name": "Phoenix",
      "script": "./src/aurora.js",
      "watch": false,
      "env": {
        "NODE_ENV": "development",
        "NAME": "mikasa",
        "PREFIX": "/",
        "MODS": "917973456275",
        "PORT": "3003",
        "SESSION": "mikasa50",
        "URL": "mongodb+srv://tan:tan@cluster0.mf0nmls.mongodb.net/?retryWrites=true&w=majority"
      }
    }
  ]
}